"date","mun_code","mun_name","tests","cases","population","cases_per_100K"
2020-03-27,101,"København",NA,368,623404,59
2020-03-27,147,"Frederiksberg",NA,82,103960,78.9
2020-03-27,151,"Ballerup",NA,21,48458,43.3
2020-03-27,153,"Brøndby",NA,23,35397,65
2020-03-27,155,"Dragør",NA,NA,14270,NA
2020-03-27,157,"Gentofte",NA,82,75176,109.1
2020-03-27,159,"Gladsaxe",NA,48,69681,68.9
2020-03-27,161,"Glostrup",NA,14,22615,61.9
2020-03-27,163,"Herlev",NA,11,28786,38.2
2020-03-27,165,"Albertslund",NA,NA,27877,NA
2020-03-27,167,"Hvidovre",NA,18,53416,33.7
2020-03-27,169,"Høje-Taastrup",NA,NA,50686,NA
2020-03-27,173,"Lyngby-Taarbæk",NA,28,55790,50.2
2020-03-27,175,"Rødovre",NA,16,40052,39.9
2020-03-27,183,"Ishøj",NA,NA,22946,NA
2020-03-27,185,"Tårnby",NA,16,42984,37.2
2020-03-27,187,"Vallensbæk",NA,17,16654,102.1
2020-03-27,190,"Furesø",NA,18,41069,43.8
2020-03-27,201,"Allerød",NA,NA,25646,NA
2020-03-27,210,"Fredensborg",NA,NA,40819,NA
2020-03-27,217,"Helsingør",NA,41,62567,65.5
2020-03-27,219,"Hillerød",NA,28,50998,54.9
2020-03-27,223,"Hørsholm",NA,21,25007,84
2020-03-27,230,"Rudersdal",NA,38,56509,67.2
2020-03-27,240,"Egedal",NA,16,43335,36.9
2020-03-27,250,"Frederikssund",NA,14,45332,30.9
2020-03-27,253,"Greve",NA,24,50267,47.7
2020-03-27,259,"Køge",NA,30,60675,49.4
2020-03-27,260,"Halsnæs",NA,NA,31271,NA
2020-03-27,265,"Roskilde",NA,36,87577,41.1
2020-03-27,269,"Solrød",NA,14,23065,60.7
2020-03-27,270,"Gribskov",NA,21,41195,51
2020-03-27,306,"Odsherred",NA,NA,33122,NA
2020-03-27,316,"Holbæk",NA,16,71297,22.4
2020-03-27,320,"Faxe",NA,11,36513,30.1
2020-03-27,326,"Kalundborg",NA,14,48681,28.8
2020-03-27,329,"Ringsted",NA,NA,34725,NA
2020-03-27,330,"Slagelse",NA,56,79073,70.8
2020-03-27,336,"Stevns",NA,NA,22782,NA
2020-03-27,340,"Sorø",NA,13,29834,43.6
2020-03-27,350,"Lejre",NA,NA,27775,NA
2020-03-27,360,"Lolland",NA,NA,41615,NA
2020-03-27,370,"Næstved",NA,23,82991,27.7
2020-03-27,376,"Guldborgsund",NA,NA,60930,NA
2020-03-27,390,"Vordingborg",NA,NA,45816,NA
2020-03-27,400,"Bornholm",NA,NA,39572,NA
2020-03-27,410,"Middelfart",NA,18,38553,46.7
2020-03-27,411,"Christiansø",NA,NA,90,NA
2020-03-27,420,"Assens",NA,NA,41212,NA
2020-03-27,430,"Faaborg-Midtfyn",NA,17,51809,32.8
2020-03-27,440,"Kerteminde",NA,NA,23773,NA
2020-03-27,450,"Nyborg",NA,NA,32042,NA
2020-03-27,461,"Odense",NA,33,204182,16.2
2020-03-27,479,"Svendborg",NA,25,58599,42.7
2020-03-27,480,"Nordfyns",NA,NA,29693,NA
2020-03-27,482,"Langeland",NA,NA,12560,NA
2020-03-27,492,"Ærø",NA,NA,6058,NA
2020-03-27,510,"Haderslev",NA,NA,55857,NA
2020-03-27,530,"Billund",NA,NA,26629,NA
2020-03-27,540,"Sønderborg",NA,NA,74561,NA
2020-03-27,550,"Tønder",NA,NA,37587,NA
2020-03-27,561,"Esbjerg",NA,40,115652,34.6
2020-03-27,563,"Fanø",NA,NA,3404,NA
2020-03-27,573,"Varde",NA,NA,50129,NA
2020-03-27,575,"Vejen",NA,NA,42863,NA
2020-03-27,580,"Aabenraa",NA,NA,59035,NA
2020-03-27,607,"Fredericia",NA,16,51427,31.1
2020-03-27,615,"Horsens",NA,NA,90370,NA
2020-03-27,621,"Kolding",NA,49,92893,52.7
2020-03-27,630,"Vejle",NA,25,114830,21.8
2020-03-27,657,"Herning",NA,49,88917,55.1
2020-03-27,661,"Holstebro",NA,16,58504,27.3
2020-03-27,665,"Lemvig",NA,NA,19998,NA
2020-03-27,671,"Struer",NA,NA,21143,NA
2020-03-27,706,"Syddjurs",NA,NA,42768,NA
2020-03-27,707,"Norddjurs",NA,NA,37680,NA
2020-03-27,710,"Favrskov",NA,12,48374,24.8
2020-03-27,727,"Odder",NA,NA,22675,NA
2020-03-27,730,"Randers",NA,12,97909,12.3
2020-03-27,740,"Silkeborg",NA,28,93054,30.1
2020-03-27,741,"Samsø",NA,NA,3684,NA
2020-03-27,746,"Skanderborg",NA,23,61974,37.1
2020-03-27,751,"Aarhus",NA,136,345332,39.4
2020-03-27,756,"Ikast-Brande",NA,NA,41282,NA
2020-03-27,760,"Ringkøbing-Skjern",NA,12,56930,21.1
2020-03-27,766,"Hedensted",NA,NA,46747,NA
2020-03-27,773,"Morsø",NA,NA,20403,NA
2020-03-27,779,"Skive",NA,NA,46224,NA
2020-03-27,787,"Thisted",NA,NA,43660,NA
2020-03-27,791,"Viborg",NA,16,97113,16.5
2020-03-27,810,"Brønderslev",NA,NA,36370,NA
2020-03-27,813,"Frederikshavn",NA,NA,59987,NA
2020-03-27,820,"Vesthimmerlands",NA,NA,37121,NA
2020-03-27,825,"Læsø",NA,NA,1806,NA
2020-03-27,840,"Rebild",NA,NA,29916,NA
2020-03-27,846,"Mariagerfjord",NA,10,42055,23.8
2020-03-27,849,"Jammerbugt",NA,NA,38460,NA
2020-03-27,851,"Aalborg",NA,66,215312,30.7
2020-03-27,860,"Hjørring",NA,NA,64665,NA
2020-04-03,101,"København",NA,700,623404,112.3
2020-04-03,147,"Frederiksberg",NA,149,103960,143.3
2020-04-03,151,"Ballerup",NA,47,48458,97
2020-04-03,153,"Brøndby",NA,39,35397,110.2
2020-04-03,155,"Dragør",NA,NA,14270,NA
2020-04-03,157,"Gentofte",NA,118,75176,157
2020-04-03,159,"Gladsaxe",NA,79,69681,113.4
2020-04-03,161,"Glostrup",NA,36,22615,159.2
2020-04-03,163,"Herlev",NA,29,28786,100.7
2020-04-03,165,"Albertslund",NA,18,27877,64.6
2020-04-03,167,"Hvidovre",NA,55,53416,103
2020-04-03,169,"Høje-Taastrup",NA,48,50686,94.7
2020-04-03,173,"Lyngby-Taarbæk",NA,53,55790,95
2020-04-03,175,"Rødovre",NA,41,40052,102.4
2020-04-03,183,"Ishøj",NA,15,22946,65.4
2020-04-03,185,"Tårnby",NA,27,42984,62.8
2020-04-03,187,"Vallensbæk",NA,28,16654,168.1
2020-04-03,190,"Furesø",NA,29,41069,70.6
2020-04-03,201,"Allerød",NA,13,25646,50.7
2020-04-03,210,"Fredensborg",NA,18,40819,44.1
2020-04-03,217,"Helsingør",NA,60,62567,95.9
2020-04-03,219,"Hillerød",NA,43,50998,84.3
2020-04-03,223,"Hørsholm",NA,35,25007,140
2020-04-03,230,"Rudersdal",NA,59,56509,104.4
2020-04-03,240,"Egedal",NA,42,43335,96.9
2020-04-03,250,"Frederikssund",NA,29,45332,64
2020-04-03,253,"Greve",NA,37,50267,73.6
2020-04-03,259,"Køge",NA,49,60675,80.8
2020-04-03,260,"Halsnæs",NA,14,31271,44.8
2020-04-03,265,"Roskilde",NA,60,87577,68.5
2020-04-03,269,"Solrød",NA,22,23065,95.4
2020-04-03,270,"Gribskov",NA,43,41195,104.4
2020-04-03,306,"Odsherred",NA,NA,33122,NA
2020-04-03,316,"Holbæk",NA,28,71297,39.3
2020-04-03,320,"Faxe",NA,19,36513,52
2020-04-03,326,"Kalundborg",NA,21,48681,43.1
2020-04-03,329,"Ringsted",NA,15,34725,43.2
2020-04-03,330,"Slagelse",NA,106,79073,134.1
2020-04-03,336,"Stevns",NA,NA,22782,NA
2020-04-03,340,"Sorø",NA,24,29834,80.4
2020-04-03,350,"Lejre",NA,13,27775,46.8
2020-04-03,360,"Lolland",NA,20,41615,48.1
2020-04-03,370,"Næstved",NA,44,82991,53
2020-04-03,376,"Guldborgsund",NA,16,60930,26.3
2020-04-03,390,"Vordingborg",NA,10,45816,21.8
2020-04-03,400,"Bornholm",NA,26,39572,65.7
2020-04-03,410,"Middelfart",NA,25,38553,64.8
2020-04-03,411,"Christiansø",NA,NA,90,NA
2020-04-03,420,"Assens",NA,NA,41212,NA
2020-04-03,430,"Faaborg-Midtfyn",NA,20,51809,38.6
2020-04-03,440,"Kerteminde",NA,NA,23773,NA
2020-04-03,450,"Nyborg",NA,16,32042,49.9
2020-04-03,461,"Odense",NA,73,204182,35.8
2020-04-03,479,"Svendborg",NA,42,58599,71.7
2020-04-03,480,"Nordfyns",NA,NA,29693,NA
2020-04-03,482,"Langeland",NA,NA,12560,NA
2020-04-03,492,"Ærø",NA,NA,6058,NA
2020-04-03,510,"Haderslev",NA,NA,55857,NA
2020-04-03,530,"Billund",NA,NA,26629,NA
2020-04-03,540,"Sønderborg",NA,NA,74561,NA
2020-04-03,550,"Tønder",NA,NA,37587,NA
2020-04-03,561,"Esbjerg",NA,75,115652,64.8
2020-04-03,563,"Fanø",NA,NA,3404,NA
2020-04-03,573,"Varde",NA,NA,50129,NA
2020-04-03,575,"Vejen",NA,12,42863,28
2020-04-03,580,"Aabenraa",NA,13,59035,22
2020-04-03,607,"Fredericia",NA,25,51427,48.6
2020-04-03,615,"Horsens",NA,14,90370,15.5
2020-04-03,621,"Kolding",NA,66,92893,71
2020-04-03,630,"Vejle",NA,46,114830,40.1
2020-04-03,657,"Herning",NA,94,88917,105.7
2020-04-03,661,"Holstebro",NA,62,58504,106
2020-04-03,665,"Lemvig",NA,NA,19998,NA
2020-04-03,671,"Struer",NA,11,21143,52
2020-04-03,706,"Syddjurs",NA,NA,42768,NA
2020-04-03,707,"Norddjurs",NA,NA,37680,NA
2020-04-03,710,"Favrskov",NA,15,48374,31
2020-04-03,727,"Odder",NA,NA,22675,NA
2020-04-03,730,"Randers",NA,19,97909,19.4
2020-04-03,740,"Silkeborg",NA,43,93054,46.2
2020-04-03,741,"Samsø",NA,NA,3684,NA
2020-04-03,746,"Skanderborg",NA,28,61974,45.2
2020-04-03,751,"Aarhus",NA,189,345332,54.7
2020-04-03,756,"Ikast-Brande",NA,11,41282,26.6
2020-04-03,760,"Ringkøbing-Skjern",NA,29,56930,50.9
2020-04-03,766,"Hedensted",NA,NA,46747,NA
2020-04-03,773,"Morsø",NA,NA,20403,NA
2020-04-03,779,"Skive",NA,13,46224,28.1
2020-04-03,787,"Thisted",NA,10,43660,22.9
2020-04-03,791,"Viborg",NA,30,97113,30.9
2020-04-03,810,"Brønderslev",NA,21,36370,57.7
2020-04-03,813,"Frederikshavn",NA,NA,59987,NA
2020-04-03,820,"Vesthimmerlands",NA,23,37121,62
2020-04-03,825,"Læsø",NA,NA,1806,NA
2020-04-03,840,"Rebild",NA,NA,29916,NA
2020-04-03,846,"Mariagerfjord",NA,13,42055,30.9
2020-04-03,849,"Jammerbugt",NA,NA,38460,NA
2020-04-03,851,"Aalborg",NA,95,215312,44.1
2020-04-03,860,"Hjørring",NA,14,64665,21.7
2020-04-10,101,"København",NA,1164,623404,187
2020-04-10,147,"Frederiksberg",NA,224,103960,215
2020-04-10,151,"Ballerup",NA,84,48458,173
2020-04-10,153,"Brøndby",NA,71,35397,201
2020-04-10,155,"Dragør",NA,17,14270,119
2020-04-10,157,"Gentofte",NA,145,75176,193
2020-04-10,159,"Gladsaxe",NA,130,69681,187
2020-04-10,161,"Glostrup",NA,73,22615,323
2020-04-10,163,"Herlev",NA,55,28786,191
2020-04-10,165,"Albertslund",NA,45,27877,161
2020-04-10,167,"Hvidovre",NA,120,53416,225
2020-04-10,169,"Høje-Taastrup",NA,66,50686,130
2020-04-10,173,"Lyngby-Taarbæk",NA,85,55790,152
2020-04-10,175,"Rødovre",NA,64,40052,160
2020-04-10,183,"Ishøj",NA,29,22946,126
2020-04-10,185,"Tårnby",NA,53,42984,123
2020-04-10,187,"Vallensbæk",NA,47,16654,282
2020-04-10,190,"Furesø",NA,46,41069,112
2020-04-10,201,"Allerød",NA,18,25646,70
2020-04-10,210,"Fredensborg",NA,28,40819,69
2020-04-10,217,"Helsingør",NA,81,62567,129
2020-04-10,219,"Hillerød",NA,59,50998,116
2020-04-10,223,"Hørsholm",NA,46,25007,184
2020-04-10,230,"Rudersdal",NA,76,56509,134
2020-04-10,240,"Egedal",NA,89,43335,205
2020-04-10,250,"Frederikssund",NA,47,45332,104
2020-04-10,253,"Greve",NA,57,50267,113
2020-04-10,259,"Køge",NA,75,60675,124
2020-04-10,260,"Halsnæs",NA,21,31271,67
2020-04-10,265,"Roskilde",NA,85,87577,97
2020-04-10,269,"Solrød",NA,31,23065,134
2020-04-10,270,"Gribskov",NA,50,41195,121
2020-04-10,306,"Odsherred",NA,18,33122,54
2020-04-10,316,"Holbæk",NA,61,71297,86
2020-04-10,320,"Faxe",NA,24,36513,66
2020-04-10,326,"Kalundborg",NA,35,48681,72
2020-04-10,329,"Ringsted",NA,21,34725,60
2020-04-10,330,"Slagelse",NA,186,79073,235
2020-04-10,336,"Stevns",NA,11,22782,48
2020-04-10,340,"Sorø",NA,37,29834,124
2020-04-10,350,"Lejre",NA,20,27775,72
2020-04-10,360,"Lolland",NA,26,41615,62
2020-04-10,370,"Næstved",NA,67,82991,81
2020-04-10,376,"Guldborgsund",NA,25,60930,41
2020-04-10,390,"Vordingborg",NA,15,45816,33
2020-04-10,400,"Bornholm",NA,50,39572,126
2020-04-10,410,"Middelfart",NA,35,38553,91
2020-04-10,411,"Christiansø",NA,NA,90,NA
2020-04-10,420,"Assens",NA,13,41212,32
2020-04-10,430,"Faaborg-Midtfyn",NA,24,51809,46
2020-04-10,440,"Kerteminde",NA,10,23773,42
2020-04-10,450,"Nyborg",NA,23,32042,72
2020-04-10,461,"Odense",NA,112,204182,55
2020-04-10,479,"Svendborg",NA,63,58599,108
2020-04-10,480,"Nordfyns",NA,12,29693,40
2020-04-10,482,"Langeland",NA,NA,12560,NA
2020-04-10,492,"Ærø",NA,NA,6058,NA
2020-04-10,510,"Haderslev",NA,NA,55857,NA
2020-04-10,530,"Billund",NA,NA,26629,NA
2020-04-10,540,"Sønderborg",NA,11,74561,15
2020-04-10,550,"Tønder",NA,10,37587,27
2020-04-10,561,"Esbjerg",NA,102,115652,88
2020-04-10,563,"Fanø",NA,NA,3404,NA
2020-04-10,573,"Varde",NA,13,50129,26
2020-04-10,575,"Vejen",NA,21,42863,49
2020-04-10,580,"Aabenraa",NA,26,59035,44
2020-04-10,607,"Fredericia",NA,34,51427,66
2020-04-10,615,"Horsens",NA,28,90370,31
2020-04-10,621,"Kolding",NA,94,92893,101
2020-04-10,630,"Vejle",NA,67,114830,58
2020-04-10,657,"Herning",NA,152,88917,171
2020-04-10,661,"Holstebro",NA,130,58504,222
2020-04-10,665,"Lemvig",NA,13,19998,65
2020-04-10,671,"Struer",NA,20,21143,95
2020-04-10,706,"Syddjurs",NA,NA,42768,NA
2020-04-10,707,"Norddjurs",NA,NA,37680,NA
2020-04-10,710,"Favrskov",NA,22,48374,45
2020-04-10,727,"Odder",NA,NA,22675,NA
2020-04-10,730,"Randers",NA,21,97909,21
2020-04-10,740,"Silkeborg",NA,66,93054,71
2020-04-10,741,"Samsø",NA,NA,3684,NA
2020-04-10,746,"Skanderborg",NA,37,61974,60
2020-04-10,751,"Aarhus",NA,265,345332,77
2020-04-10,756,"Ikast-Brande",NA,26,41282,63
2020-04-10,760,"Ringkøbing-Skjern",NA,43,56930,76
2020-04-10,766,"Hedensted",NA,NA,46747,NA
2020-04-10,773,"Morsø",NA,NA,20403,NA
2020-04-10,779,"Skive",NA,21,46224,45
2020-04-10,787,"Thisted",NA,22,43660,50
2020-04-10,791,"Viborg",NA,44,97113,45
2020-04-10,810,"Brønderslev",NA,33,36370,91
2020-04-10,813,"Frederikshavn",NA,13,59987,22
2020-04-10,820,"Vesthimmerlands",NA,37,37121,100
2020-04-10,825,"Læsø",NA,NA,1806,NA
2020-04-10,840,"Rebild",NA,11,29916,37
2020-04-10,846,"Mariagerfjord",NA,21,42055,50
2020-04-10,849,"Jammerbugt",NA,17,38460,44
2020-04-10,851,"Aalborg",NA,117,215312,54
2020-04-10,860,"Hjørring",NA,22,64665,34
2020-04-17,101,"København",11992,1384,623404,222
2020-04-17,147,"Frederiksberg",2100,267,103960,257
2020-04-17,151,"Ballerup",1171,120,48458,248
2020-04-17,153,"Brøndby",680,88,35397,249
2020-04-17,155,"Dragør",239,22,14270,154
2020-04-17,157,"Gentofte",1495,171,75176,227
2020-04-17,159,"Gladsaxe",1500,167,69681,240
2020-04-17,161,"Glostrup",541,88,22615,389
2020-04-17,163,"Herlev",616,71,28786,247
2020-04-17,165,"Albertslund",597,72,27877,258
2020-04-17,167,"Hvidovre",1180,166,53416,311
2020-04-17,169,"Høje-Taastrup",866,96,50686,189
2020-04-17,173,"Lyngby-Taarbæk",1132,105,55790,188
2020-04-17,175,"Rødovre",829,92,40052,230
2020-04-17,183,"Ishøj",412,47,22946,205
2020-04-17,185,"Tårnby",731,62,42984,144
2020-04-17,187,"Vallensbæk",342,62,16654,372
2020-04-17,190,"Furesø",777,55,41069,134
2020-04-17,201,"Allerød",426,20,25646,78
2020-04-17,210,"Fredensborg",731,35,40819,86
2020-04-17,217,"Helsingør",1217,88,62567,141
2020-04-17,219,"Hillerød",975,71,50998,139
2020-04-17,223,"Hørsholm",483,51,25007,204
2020-04-17,230,"Rudersdal",1070,87,56509,154
2020-04-17,240,"Egedal",889,114,43335,263
2020-04-17,250,"Frederikssund",844,53,45332,117
2020-04-17,253,"Greve",631,65,50267,129
2020-04-17,259,"Køge",759,87,60675,143
2020-04-17,260,"Halsnæs",557,26,31271,83
2020-04-17,265,"Roskilde",1178,105,87577,120
2020-04-17,269,"Solrød",304,35,23065,152
2020-04-17,270,"Gribskov",854,53,41195,129
2020-04-17,306,"Odsherred",384,25,33122,75
2020-04-17,316,"Holbæk",941,80,71297,112
2020-04-17,320,"Faxe",445,30,36513,82
2020-04-17,326,"Kalundborg",539,42,48681,86
2020-04-17,329,"Ringsted",361,29,34725,84
2020-04-17,330,"Slagelse",1406,226,79073,286
2020-04-17,336,"Stevns",260,17,22782,75
2020-04-17,340,"Sorø",400,43,29834,144
2020-04-17,350,"Lejre",378,33,27775,119
2020-04-17,360,"Lolland",583,35,41615,84
2020-04-17,370,"Næstved",1016,91,82991,110
2020-04-17,376,"Guldborgsund",678,34,60930,56
2020-04-17,390,"Vordingborg",449,17,45816,37
2020-04-17,400,"Bornholm",832,53,39572,134
2020-04-17,410,"Middelfart",582,37,38553,96
2020-04-17,411,"Christiansø",3,NA,90,NA
2020-04-17,420,"Assens",506,18,41212,44
2020-04-17,430,"Faaborg-Midtfyn",591,29,51809,56
2020-04-17,440,"Kerteminde",318,11,23773,46
2020-04-17,450,"Nyborg",418,32,32042,100
2020-04-17,461,"Odense",2798,138,204182,68
2020-04-17,479,"Svendborg",983,73,58599,125
2020-04-17,480,"Nordfyns",373,13,29693,44
2020-04-17,482,"Langeland",155,NA,12560,NA
2020-04-17,492,"Ærø",62,NA,6058,NA
2020-04-17,510,"Haderslev",485,NA,55857,NA
2020-04-17,530,"Billund",261,13,26629,49
2020-04-17,540,"Sønderborg",691,12,74561,16
2020-04-17,550,"Tønder",284,12,37587,32
2020-04-17,561,"Esbjerg",1594,107,115652,93
2020-04-17,563,"Fanø",32,NA,3404,NA
2020-04-17,573,"Varde",553,13,50129,26
2020-04-17,575,"Vejen",474,22,42863,51
2020-04-17,580,"Aabenraa",683,35,59035,59
2020-04-17,607,"Fredericia",748,35,51427,68
2020-04-17,615,"Horsens",1098,31,90370,34
2020-04-17,621,"Kolding",1377,99,92893,107
2020-04-17,630,"Vejle",1573,70,114830,61
2020-04-17,657,"Herning",1287,197,88917,222
2020-04-17,661,"Holstebro",1211,169,58504,289
2020-04-17,665,"Lemvig",184,17,19998,85
2020-04-17,671,"Struer",240,27,21143,128
2020-04-17,706,"Syddjurs",511,12,42768,28
2020-04-17,707,"Norddjurs",387,NA,37680,NA
2020-04-17,710,"Favrskov",523,24,48374,50
2020-04-17,727,"Odder",264,NA,22675,NA
2020-04-17,730,"Randers",983,23,97909,23
2020-04-17,740,"Silkeborg",1180,89,93054,96
2020-04-17,741,"Samsø",41,NA,3684,NA
2020-04-17,746,"Skanderborg",817,44,61974,71
2020-04-17,751,"Aarhus",4975,293,345332,85
2020-04-17,756,"Ikast-Brande",416,36,41282,87
2020-04-17,760,"Ringkøbing-Skjern",527,55,56930,97
2020-04-17,766,"Hedensted",477,13,46747,28
2020-04-17,773,"Morsø",252,NA,20403,NA
2020-04-17,779,"Skive",444,29,46224,63
2020-04-17,787,"Thisted",570,28,43660,64
2020-04-17,791,"Viborg",1050,61,97113,63
2020-04-17,810,"Brønderslev",550,35,36370,96
2020-04-17,813,"Frederikshavn",570,13,59987,22
2020-04-17,820,"Vesthimmerlands",578,42,37121,113
2020-04-17,825,"Læsø",11,NA,1806,NA
2020-04-17,840,"Rebild",407,11,29916,37
2020-04-17,846,"Mariagerfjord",518,23,42055,55
2020-04-17,849,"Jammerbugt",509,19,38460,49
2020-04-17,851,"Aalborg",2914,132,215312,61
2020-04-17,860,"Hjørring",819,23,64665,36
2020-04-21,101,"København",14374,1520,623404,244
2020-04-21,147,"Frederiksberg",2465,291,103960,280
2020-04-21,151,"Ballerup",1293,126,48458,260
2020-04-21,153,"Brøndby",832,103,35397,291
2020-04-21,155,"Dragør",279,23,14270,161
2020-04-21,157,"Gentofte",1702,184,75176,245
2020-04-21,159,"Gladsaxe",1665,176,69681,253
2020-04-21,161,"Glostrup",640,100,22615,442
2020-04-21,163,"Herlev",698,78,28786,271
2020-04-21,165,"Albertslund",738,94,27877,337
2020-04-21,167,"Hvidovre",1407,181,53416,339
2020-04-21,169,"Høje-Taastrup",1017,109,50686,215
2020-04-21,173,"Lyngby-Taarbæk",1272,108,55790,194
2020-04-21,175,"Rødovre",950,100,40052,250
2020-04-21,183,"Ishøj",514,64,22946,279
2020-04-21,185,"Tårnby",898,67,42984,156
2020-04-21,187,"Vallensbæk",416,70,16654,420
2020-04-21,190,"Furesø",864,57,41069,139
2020-04-21,201,"Allerød",486,20,25646,78
2020-04-21,210,"Fredensborg",809,34,40819,83
2020-04-21,217,"Helsingør",1382,93,62567,149
2020-04-21,219,"Hillerød",1080,76,50998,149
2020-04-21,223,"Hørsholm",544,51,25007,204
2020-04-21,230,"Rudersdal",1184,97,56509,172
2020-04-21,240,"Egedal",1012,127,43335,293
2020-04-21,250,"Frederikssund",947,61,45332,135
2020-04-21,253,"Greve",715,67,50267,133
2020-04-21,259,"Køge",821,90,60675,148
2020-04-21,260,"Halsnæs",620,30,31271,96
2020-04-21,265,"Roskilde",1317,116,87577,132
2020-04-21,269,"Solrød",337,35,23065,152
2020-04-21,270,"Gribskov",924,53,41195,129
2020-04-21,306,"Odsherred",440,27,33122,82
2020-04-21,316,"Holbæk",1052,88,71297,123
2020-04-21,320,"Faxe",487,35,36513,96
2020-04-21,326,"Kalundborg",611,44,48681,90
2020-04-21,329,"Ringsted",414,30,34725,86
2020-04-21,330,"Slagelse",1579,243,79073,307
2020-04-21,336,"Stevns",275,17,22782,75
2020-04-21,340,"Sorø",459,47,29834,158
2020-04-21,350,"Lejre",415,37,27775,133
2020-04-21,360,"Lolland",657,52,41615,125
2020-04-21,370,"Næstved",1177,102,82991,123
2020-04-21,376,"Guldborgsund",831,48,60930,79
2020-04-21,390,"Vordingborg",556,28,45816,61
2020-04-21,400,"Bornholm",931,55,39572,139
2020-04-21,410,"Middelfart",663,38,38553,99
2020-04-21,411,"Christiansø",3,NA,90,NA
2020-04-21,420,"Assens",598,19,41212,46
2020-04-21,430,"Faaborg-Midtfyn",676,29,51809,56
2020-04-21,440,"Kerteminde",363,11,23773,46
2020-04-21,450,"Nyborg",477,32,32042,100
2020-04-21,461,"Odense",3286,150,204182,73
2020-04-21,479,"Svendborg",1132,75,58599,128
2020-04-21,480,"Nordfyns",428,13,29693,44
2020-04-21,482,"Langeland",180,NA,12560,NA
2020-04-21,492,"Ærø",74,NA,6058,NA
2020-04-21,510,"Haderslev",556,NA,55857,NA
2020-04-21,530,"Billund",313,18,26629,68
2020-04-21,540,"Sønderborg",779,12,74561,16
2020-04-21,550,"Tønder",321,12,37587,32
2020-04-21,561,"Esbjerg",1778,108,115652,93
2020-04-21,563,"Fanø",32,NA,3404,NA
2020-04-21,573,"Varde",605,14,50129,28
2020-04-21,575,"Vejen",540,22,42863,51
2020-04-21,580,"Aabenraa",787,38,59035,64
2020-04-21,607,"Fredericia",867,35,51427,68
2020-04-21,615,"Horsens",1254,34,90370,38
2020-04-21,621,"Kolding",1601,99,92893,107
2020-04-21,630,"Vejle",1801,71,114830,62
2020-04-21,657,"Herning",1470,211,88917,237
2020-04-21,661,"Holstebro",1360,200,58504,342
2020-04-21,665,"Lemvig",217,19,19998,95
2020-04-21,671,"Struer",284,28,21143,132
2020-04-21,706,"Syddjurs",592,13,42768,30
2020-04-21,707,"Norddjurs",449,NA,37680,NA
2020-04-21,710,"Favrskov",596,24,48374,50
2020-04-21,727,"Odder",295,NA,22675,NA
2020-04-21,730,"Randers",1143,23,97909,23
2020-04-21,740,"Silkeborg",1365,95,93054,102
2020-04-21,741,"Samsø",46,NA,3684,NA
2020-04-21,746,"Skanderborg",937,47,61974,76
2020-04-21,751,"Aarhus",5667,302,345332,87
2020-04-21,756,"Ikast-Brande",485,36,41282,87
2020-04-21,760,"Ringkøbing-Skjern",609,57,56930,100
2020-04-21,766,"Hedensted",538,13,46747,28
2020-04-21,773,"Morsø",331,14,20403,69
2020-04-21,779,"Skive",523,31,46224,67
2020-04-21,787,"Thisted",656,30,43660,69
2020-04-21,791,"Viborg",1237,69,97113,71
2020-04-21,810,"Brønderslev",626,34,36370,93
2020-04-21,813,"Frederikshavn",657,13,59987,22
2020-04-21,820,"Vesthimmerlands",654,43,37121,116
2020-04-21,825,"Læsø",13,NA,1806,NA
2020-04-21,840,"Rebild",446,11,29916,37
2020-04-21,846,"Mariagerfjord",607,26,42055,62
2020-04-21,849,"Jammerbugt",587,19,38460,49
2020-04-21,851,"Aalborg",3327,133,215312,62
2020-04-21,860,"Hjørring",938,23,64665,36
2020-04-22,101,"København",15367,1569,623404,252
2020-04-22,147,"Frederiksberg",2648,299,103960,288
2020-04-22,151,"Ballerup",1350,133,48458,274
2020-04-22,153,"Brøndby",888,109,35397,308
2020-04-22,155,"Dragør",297,23,14270,161
2020-04-22,157,"Gentofte",1802,188,75176,250
2020-04-22,159,"Gladsaxe",1735,178,69681,255
2020-04-22,161,"Glostrup",694,101,22615,447
2020-04-22,163,"Herlev",750,82,28786,285
2020-04-22,165,"Albertslund",787,96,27877,344
2020-04-22,167,"Hvidovre",1484,193,53416,361
2020-04-22,169,"Høje-Taastrup",1095,113,50686,223
2020-04-22,173,"Lyngby-Taarbæk",1341,109,55790,195
2020-04-22,175,"Rødovre",1003,105,40052,262
2020-04-22,183,"Ishøj",556,67,22946,292
2020-04-22,185,"Tårnby",951,69,42984,161
2020-04-22,187,"Vallensbæk",449,73,16654,438
2020-04-22,190,"Furesø",912,57,41069,139
2020-04-22,201,"Allerød",524,21,25646,82
2020-04-22,210,"Fredensborg",850,36,40819,88
2020-04-22,217,"Helsingør",1468,96,62567,153
2020-04-22,219,"Hillerød",1149,77,50998,151
2020-04-22,223,"Hørsholm",575,52,25007,208
2020-04-22,230,"Rudersdal",1270,102,56509,181
2020-04-22,240,"Egedal",1060,132,43335,305
2020-04-22,250,"Frederikssund",1004,65,45332,143
2020-04-22,253,"Greve",752,69,50267,137
2020-04-22,259,"Køge",907,97,60675,160
2020-04-22,260,"Halsnæs",658,30,31271,96
2020-04-22,265,"Roskilde",1381,118,87577,135
2020-04-22,269,"Solrød",357,35,23065,152
2020-04-22,270,"Gribskov",973,55,41195,134
2020-04-22,306,"Odsherred",480,30,33122,91
2020-04-22,316,"Holbæk",1202,95,71297,133
2020-04-22,320,"Faxe",548,39,36513,107
2020-04-22,326,"Kalundborg",662,48,48681,99
2020-04-22,329,"Ringsted",487,30,34725,86
2020-04-22,330,"Slagelse",1681,249,79073,315
2020-04-22,336,"Stevns",307,19,22782,83
2020-04-22,340,"Sorø",485,49,29834,164
2020-04-22,350,"Lejre",447,37,27775,133
2020-04-22,360,"Lolland",722,54,41615,130
2020-04-22,370,"Næstved",1342,106,82991,128
2020-04-22,376,"Guldborgsund",987,54,60930,89
2020-04-22,390,"Vordingborg",642,29,45816,63
2020-04-22,400,"Bornholm",981,57,39572,144
2020-04-22,410,"Middelfart",749,39,38553,101
2020-04-22,411,"Christiansø",3,NA,90,NA
2020-04-22,420,"Assens",640,19,41212,46
2020-04-22,430,"Faaborg-Midtfyn",738,29,51809,56
2020-04-22,440,"Kerteminde",395,12,23773,50
2020-04-22,450,"Nyborg",518,32,32042,100
2020-04-22,461,"Odense",3686,153,204182,75
2020-04-22,479,"Svendborg",1231,77,58599,131
2020-04-22,480,"Nordfyns",485,14,29693,47
2020-04-22,482,"Langeland",200,NA,12560,NA
2020-04-22,492,"Ærø",76,NA,6058,NA
2020-04-22,510,"Haderslev",624,NA,55857,NA
2020-04-22,530,"Billund",344,18,26629,68
2020-04-22,540,"Sønderborg",889,12,74561,16
2020-04-22,550,"Tønder",389,12,37587,32
2020-04-22,561,"Esbjerg",1923,110,115652,95
2020-04-22,563,"Fanø",36,NA,3404,NA
2020-04-22,573,"Varde",700,15,50129,30
2020-04-22,575,"Vejen",586,22,42863,51
2020-04-22,580,"Aabenraa",897,38,59035,64
2020-04-22,607,"Fredericia",957,37,51427,72
2020-04-22,615,"Horsens",1350,34,90370,38
2020-04-22,621,"Kolding",1751,100,92893,108
2020-04-22,630,"Vejle",1983,71,114830,62
2020-04-22,657,"Herning",1628,216,88917,243
2020-04-22,661,"Holstebro",1502,207,58504,354
2020-04-22,665,"Lemvig",246,19,19998,95
2020-04-22,671,"Struer",334,28,21143,132
2020-04-22,706,"Syddjurs",631,13,42768,30
2020-04-22,707,"Norddjurs",497,NA,37680,NA
2020-04-22,710,"Favrskov",649,24,48374,50
2020-04-22,727,"Odder",323,NA,22675,NA
2020-04-22,730,"Randers",1230,23,97909,23
2020-04-22,740,"Silkeborg",1503,98,93054,105
2020-04-22,741,"Samsø",48,NA,3684,NA
2020-04-22,746,"Skanderborg",1033,47,61974,76
2020-04-22,751,"Aarhus",6129,304,345332,88
2020-04-22,756,"Ikast-Brande",542,36,41282,87
2020-04-22,760,"Ringkøbing-Skjern",728,58,56930,102
2020-04-22,766,"Hedensted",596,13,46747,28
2020-04-22,773,"Morsø",342,15,20403,74
2020-04-22,779,"Skive",571,35,46224,76
2020-04-22,787,"Thisted",667,31,43660,71
2020-04-22,791,"Viborg",1376,75,97113,77
2020-04-22,810,"Brønderslev",658,34,36370,93
2020-04-22,813,"Frederikshavn",708,14,59987,23
2020-04-22,820,"Vesthimmerlands",684,43,37121,116
2020-04-22,825,"Læsø",13,NA,1806,NA
2020-04-22,840,"Rebild",479,11,29916,37
2020-04-22,846,"Mariagerfjord",649,28,42055,67
2020-04-22,849,"Jammerbugt",610,19,38460,49
2020-04-22,851,"Aalborg",3493,135,215312,63
2020-04-22,860,"Hjørring",1008,23,64665,36
2020-04-23,101,"København",16328,1596,623404,256
2020-04-23,147,"Frederiksberg",2818,303,103960,291
2020-04-23,151,"Ballerup",1406,136,48458,281
2020-04-23,153,"Brøndby",926,110,35397,311
2020-04-23,155,"Dragør",319,26,14270,182
2020-04-23,157,"Gentofte",1889,189,75176,251
2020-04-23,159,"Gladsaxe",1840,181,69681,260
2020-04-23,161,"Glostrup",734,105,22615,464
2020-04-23,163,"Herlev",780,82,28786,285
2020-04-23,165,"Albertslund",822,98,27877,352
2020-04-23,167,"Hvidovre",1565,197,53416,369
2020-04-23,169,"Høje-Taastrup",1162,115,50686,227
2020-04-23,173,"Lyngby-Taarbæk",1405,111,55790,199
2020-04-23,175,"Rødovre",1034,105,40052,262
2020-04-23,183,"Ishøj",577,69,22946,301
2020-04-23,185,"Tårnby",1008,70,42984,163
2020-04-23,187,"Vallensbæk",475,75,16654,450
2020-04-23,190,"Furesø",951,58,41069,141
2020-04-23,201,"Allerød",550,21,25646,82
2020-04-23,210,"Fredensborg",886,37,40819,91
2020-04-23,217,"Helsingør",1536,97,62567,155
2020-04-23,219,"Hillerød",1233,80,50998,157
2020-04-23,223,"Hørsholm",601,52,25007,208
2020-04-23,230,"Rudersdal",1324,103,56509,182
2020-04-23,240,"Egedal",1106,140,43335,323
2020-04-23,250,"Frederikssund",1052,67,45332,148
2020-04-23,253,"Greve",791,69,50267,137
2020-04-23,259,"Køge",966,99,60675,163
2020-04-23,260,"Halsnæs",684,31,31271,99
2020-04-23,265,"Roskilde",1467,122,87577,139
2020-04-23,269,"Solrød",380,35,23065,152
2020-04-23,270,"Gribskov",1011,55,41195,134
2020-04-23,306,"Odsherred",544,33,33122,100
2020-04-23,316,"Holbæk",1325,103,71297,144
2020-04-23,320,"Faxe",592,42,36513,115
2020-04-23,326,"Kalundborg",723,50,48681,103
2020-04-23,329,"Ringsted",533,30,34725,86
2020-04-23,330,"Slagelse",1805,255,79073,322
2020-04-23,336,"Stevns",332,20,22782,88
2020-04-23,340,"Sorø",531,49,29834,164
2020-04-23,350,"Lejre",484,37,27775,133
2020-04-23,360,"Lolland",801,56,41615,135
2020-04-23,370,"Næstved",1472,108,82991,130
2020-04-23,376,"Guldborgsund",1099,56,60930,92
2020-04-23,390,"Vordingborg",716,31,45816,68
2020-04-23,400,"Bornholm",1062,58,39572,147
2020-04-23,410,"Middelfart",820,41,38553,106
2020-04-23,411,"Christiansø",3,NA,90,NA
2020-04-23,420,"Assens",677,19,41212,46
2020-04-23,430,"Faaborg-Midtfyn",800,29,51809,56
2020-04-23,440,"Kerteminde",424,12,23773,50
2020-04-23,450,"Nyborg",550,32,32042,100
2020-04-23,461,"Odense",3946,154,204182,75
2020-04-23,479,"Svendborg",1277,77,58599,131
2020-04-23,480,"Nordfyns",516,14,29693,47
2020-04-23,482,"Langeland",207,NA,12560,NA
2020-04-23,492,"Ærø",81,NA,6058,NA
2020-04-23,510,"Haderslev",703,NA,55857,NA
2020-04-23,530,"Billund",380,18,26629,68
2020-04-23,540,"Sønderborg",991,13,74561,17
2020-04-23,550,"Tønder",433,12,37587,32
2020-04-23,561,"Esbjerg",2086,110,115652,95
2020-04-23,563,"Fanø",39,NA,3404,NA
2020-04-23,573,"Varde",742,15,50129,30
2020-04-23,575,"Vejen",631,22,42863,51
2020-04-23,580,"Aabenraa",1011,39,59035,66
2020-04-23,607,"Fredericia",1045,38,51427,74
2020-04-23,615,"Horsens",1464,34,90370,38
2020-04-23,621,"Kolding",1930,100,92893,108
2020-04-23,630,"Vejle",2171,71,114830,62
2020-04-23,657,"Herning",1735,224,88917,252
2020-04-23,661,"Holstebro",1602,213,58504,364
2020-04-23,665,"Lemvig",256,20,19998,100
2020-04-23,671,"Struer",358,29,21143,137
2020-04-23,706,"Syddjurs",679,13,42768,30
2020-04-23,707,"Norddjurs",526,NA,37680,NA
2020-04-23,710,"Favrskov",706,24,48374,50
2020-04-23,727,"Odder",355,NA,22675,NA
2020-04-23,730,"Randers",1328,23,97909,23
2020-04-23,740,"Silkeborg",1681,99,93054,106
2020-04-23,741,"Samsø",49,NA,3684,NA
2020-04-23,746,"Skanderborg",1125,48,61974,77
2020-04-23,751,"Aarhus",6614,305,345332,88
2020-04-23,756,"Ikast-Brande",592,38,41282,92
2020-04-23,760,"Ringkøbing-Skjern",781,59,56930,104
2020-04-23,766,"Hedensted",666,13,46747,28
2020-04-23,773,"Morsø",377,16,20403,78
2020-04-23,779,"Skive",634,39,46224,84
2020-04-23,787,"Thisted",726,31,43660,71
2020-04-23,791,"Viborg",1566,79,97113,81
2020-04-23,810,"Brønderslev",727,36,36370,99
2020-04-23,813,"Frederikshavn",783,14,59987,23
2020-04-23,820,"Vesthimmerlands",756,43,37121,116
2020-04-23,825,"Læsø",19,NA,1806,NA
2020-04-23,840,"Rebild",536,14,29916,47
2020-04-23,846,"Mariagerfjord",753,29,42055,69
2020-04-23,849,"Jammerbugt",668,20,38460,52
2020-04-23,851,"Aalborg",3901,135,215312,63
2020-04-23,860,"Hjørring",1107,23,64665,36
2020-04-24,101,"København",17295,1620,623404,260
2020-04-24,147,"Frederiksberg",2929,303,103960,291
2020-04-24,151,"Ballerup",1464,137,48458,283
2020-04-24,153,"Brøndby",976,115,35397,325
2020-04-24,155,"Dragør",330,26,14270,182
2020-04-24,157,"Gentofte",1976,190,75176,253
2020-04-24,159,"Gladsaxe",1948,186,69681,267
2020-04-24,161,"Glostrup",780,107,22615,473
2020-04-24,163,"Herlev",815,84,28786,292
2020-04-24,165,"Albertslund",860,102,27877,366
2020-04-24,167,"Hvidovre",1653,204,53416,382
2020-04-24,169,"Høje-Taastrup",1218,118,50686,233
2020-04-24,173,"Lyngby-Taarbæk",1476,111,55790,199
2020-04-24,175,"Rødovre",1089,109,40052,272
2020-04-24,183,"Ishøj",603,78,22946,340
2020-04-24,185,"Tårnby",1055,72,42984,168
2020-04-24,187,"Vallensbæk",502,76,16654,456
2020-04-24,190,"Furesø",1013,58,41069,141
2020-04-24,201,"Allerød",582,21,25646,82
2020-04-24,210,"Fredensborg",945,38,40819,93
2020-04-24,217,"Helsingør",1668,97,62567,155
2020-04-24,219,"Hillerød",1323,80,50998,157
2020-04-24,223,"Hørsholm",643,52,25007,208
2020-04-24,230,"Rudersdal",1385,105,56509,186
2020-04-24,240,"Egedal",1187,145,43335,335
2020-04-24,250,"Frederikssund",1143,68,45332,150
2020-04-24,253,"Greve",823,71,50267,141
2020-04-24,259,"Køge",1011,102,60675,168
2020-04-24,260,"Halsnæs",728,31,31271,99
2020-04-24,265,"Roskilde",1524,123,87577,140
2020-04-24,269,"Solrød",392,35,23065,152
2020-04-24,270,"Gribskov",1075,55,41195,134
2020-04-24,306,"Odsherred",587,34,33122,103
2020-04-24,316,"Holbæk",1452,107,71297,150
2020-04-24,320,"Faxe",617,43,36513,118
2020-04-24,326,"Kalundborg",788,53,48681,109
2020-04-24,329,"Ringsted",574,30,34725,86
2020-04-24,330,"Slagelse",1934,258,79073,326
2020-04-24,336,"Stevns",343,20,22782,88
2020-04-24,340,"Sorø",582,49,29834,164
2020-04-24,350,"Lejre",515,37,27775,133
2020-04-24,360,"Lolland",865,59,41615,142
2020-04-24,370,"Næstved",1618,111,82991,134
2020-04-24,376,"Guldborgsund",1188,57,60930,94
2020-04-24,390,"Vordingborg",786,34,45816,74
2020-04-24,400,"Bornholm",1086,58,39572,147
2020-04-24,410,"Middelfart",886,41,38553,106
2020-04-24,411,"Christiansø",3,NA,90,NA
2020-04-24,420,"Assens",745,19,41212,46
2020-04-24,430,"Faaborg-Midtfyn",898,29,51809,56
2020-04-24,440,"Kerteminde",451,12,23773,50
2020-04-24,450,"Nyborg",599,32,32042,100
2020-04-24,461,"Odense",4358,154,204182,75
2020-04-24,479,"Svendborg",1383,77,58599,131
2020-04-24,480,"Nordfyns",586,14,29693,47
2020-04-24,482,"Langeland",231,NA,12560,NA
2020-04-24,492,"Ærø",90,NA,6058,NA
2020-04-24,510,"Haderslev",784,NA,55857,NA
2020-04-24,530,"Billund",403,18,26629,68
2020-04-24,540,"Sønderborg",1117,14,74561,19
2020-04-24,550,"Tønder",478,12,37587,32
2020-04-24,561,"Esbjerg",2282,110,115652,95
2020-04-24,563,"Fanø",46,NA,3404,NA
2020-04-24,573,"Varde",803,17,50129,34
2020-04-24,575,"Vejen",705,22,42863,51
2020-04-24,580,"Aabenraa",1105,39,59035,66
2020-04-24,607,"Fredericia",1130,38,51427,74
2020-04-24,615,"Horsens",1548,35,90370,39
2020-04-24,621,"Kolding",2114,102,92893,110
2020-04-24,630,"Vejle",2352,71,114830,62
2020-04-24,657,"Herning",1833,229,88917,258
2020-04-24,661,"Holstebro",1669,217,58504,371
2020-04-24,665,"Lemvig",273,20,19998,100
2020-04-24,671,"Struer",394,29,21143,137
2020-04-24,706,"Syddjurs",720,13,42768,30
2020-04-24,707,"Norddjurs",561,NA,37680,NA
2020-04-24,710,"Favrskov",745,24,48374,50
2020-04-24,727,"Odder",374,NA,22675,NA
2020-04-24,730,"Randers",1451,23,97909,23
2020-04-24,740,"Silkeborg",1831,102,93054,110
2020-04-24,741,"Samsø",51,NA,3684,NA
2020-04-24,746,"Skanderborg",1186,48,61974,77
2020-04-24,751,"Aarhus",7034,305,345332,88
2020-04-24,756,"Ikast-Brande",628,39,41282,94
2020-04-24,760,"Ringkøbing-Skjern",838,60,56930,105
2020-04-24,766,"Hedensted",714,13,46747,28
2020-04-24,773,"Morsø",468,16,20403,78
2020-04-24,779,"Skive",691,41,46224,89
2020-04-24,787,"Thisted",833,32,43660,73
2020-04-24,791,"Viborg",1685,81,97113,83
2020-04-24,810,"Brønderslev",816,36,36370,99
2020-04-24,813,"Frederikshavn",902,14,59987,23
2020-04-24,820,"Vesthimmerlands",825,43,37121,116
2020-04-24,825,"Læsø",24,NA,1806,NA
2020-04-24,840,"Rebild",599,13,29916,43
2020-04-24,846,"Mariagerfjord",835,30,42055,71
2020-04-24,849,"Jammerbugt",758,21,38460,55
2020-04-24,851,"Aalborg",4437,137,215312,64
2020-04-24,860,"Hjørring",1250,23,64665,36
2020-04-27,101,"København",20126,1707,623404,274
2020-04-27,147,"Frederiksberg",3353,315,103960,303
2020-04-27,151,"Ballerup",1752,144,48458,297
2020-04-27,153,"Brøndby",1117,118,35397,333
2020-04-27,155,"Dragør",380,27,14270,189
2020-04-27,157,"Gentofte",2312,201,75176,267
2020-04-27,159,"Gladsaxe",2341,195,69681,280
2020-04-27,161,"Glostrup",919,111,22615,491
2020-04-27,163,"Herlev",1043,87,28786,302
2020-04-27,165,"Albertslund",980,114,27877,409
2020-04-27,167,"Hvidovre",1990,220,53416,412
2020-04-27,169,"Høje-Taastrup",1397,127,50686,251
2020-04-27,173,"Lyngby-Taarbæk",1769,118,55790,212
2020-04-27,175,"Rødovre",1337,115,40052,287
2020-04-27,183,"Ishøj",681,87,22946,379
2020-04-27,185,"Tårnby",1251,75,42984,174
2020-04-27,187,"Vallensbæk",561,78,16654,468
2020-04-27,190,"Furesø",1275,60,41069,146
2020-04-27,201,"Allerød",706,24,25646,94
2020-04-27,210,"Fredensborg",1187,48,40819,118
2020-04-27,217,"Helsingør",2072,106,62567,169
2020-04-27,219,"Hillerød",1642,87,50998,171
2020-04-27,223,"Hørsholm",768,53,25007,212
2020-04-27,230,"Rudersdal",1717,116,56509,205
2020-04-27,240,"Egedal",1485,173,43335,399
2020-04-27,250,"Frederikssund",1371,76,45332,168
2020-04-27,253,"Greve",1004,76,50267,151
2020-04-27,259,"Køge",1253,104,60675,171
2020-04-27,260,"Halsnæs",883,33,31271,106
2020-04-27,265,"Roskilde",1867,134,87577,153
2020-04-27,269,"Solrød",460,38,23065,165
2020-04-27,270,"Gribskov",1293,59,41195,143
2020-04-27,306,"Odsherred",760,41,33122,124
2020-04-27,316,"Holbæk",1839,120,71297,168
2020-04-27,320,"Faxe",793,46,36513,126
2020-04-27,326,"Kalundborg",982,56,48681,115
2020-04-27,329,"Ringsted",706,30,34725,86
2020-04-27,330,"Slagelse",2378,274,79073,347
2020-04-27,336,"Stevns",430,21,22782,92
2020-04-27,340,"Sorø",739,50,29834,168
2020-04-27,350,"Lejre",627,40,27775,144
2020-04-27,360,"Lolland",1044,68,41615,163
2020-04-27,370,"Næstved",3005,117,82991,141
2020-04-27,376,"Guldborgsund",1513,64,60930,105
2020-04-27,390,"Vordingborg",1107,37,45816,81
2020-04-27,400,"Bornholm",1234,60,39572,152
2020-04-27,410,"Middelfart",1085,41,38553,106
2020-04-27,411,"Christiansø",3,NA,90,NA
2020-04-27,420,"Assens",963,19,41212,46
2020-04-27,430,"Faaborg-Midtfyn",1180,29,51809,56
2020-04-27,440,"Kerteminde",573,13,23773,55
2020-04-27,450,"Nyborg",808,33,32042,103
2020-04-27,461,"Odense",5779,162,204182,79
2020-04-27,479,"Svendborg",1838,78,58599,133
2020-04-27,480,"Nordfyns",755,14,29693,47
2020-04-27,482,"Langeland",312,NA,12560,NA
2020-04-27,492,"Ærø",122,NA,6058,NA
2020-04-27,510,"Haderslev",989,NA,55857,NA
2020-04-27,530,"Billund",503,19,26629,71
2020-04-27,540,"Sønderborg",1373,14,74561,19
2020-04-27,550,"Tønder",612,12,37587,32
2020-04-27,561,"Esbjerg",2883,113,115652,98
2020-04-27,563,"Fanø",60,NA,3404,NA
2020-04-27,573,"Varde",1010,18,50129,36
2020-04-27,575,"Vejen",884,22,42863,51
2020-04-27,580,"Aabenraa",1428,41,59035,69
2020-04-27,607,"Fredericia",1337,38,51427,74
2020-04-27,615,"Horsens",1902,37,90370,41
2020-04-27,621,"Kolding",2567,102,92893,110
2020-04-27,630,"Vejle",2804,72,114830,63
2020-04-27,657,"Herning",2253,240,88917,270
2020-04-27,661,"Holstebro",2018,234,58504,400
2020-04-27,665,"Lemvig",348,22,19998,110
2020-04-27,671,"Struer",476,29,21143,137
2020-04-27,706,"Syddjurs",880,13,42768,30
2020-04-27,707,"Norddjurs",670,NA,37680,NA
2020-04-27,710,"Favrskov",940,24,48374,50
2020-04-27,727,"Odder",472,NA,22675,NA
2020-04-27,730,"Randers",1900,26,97909,27
2020-04-27,740,"Silkeborg",2232,112,93054,120
2020-04-27,741,"Samsø",55,NA,3684,NA
2020-04-27,746,"Skanderborg",1426,50,61974,81
2020-04-27,751,"Aarhus",8721,320,345332,93
2020-04-27,756,"Ikast-Brande",857,46,41282,111
2020-04-27,760,"Ringkøbing-Skjern",1021,63,56930,111
2020-04-27,766,"Hedensted",883,13,46747,28
2020-04-27,773,"Morsø",582,17,20403,83
2020-04-27,779,"Skive",908,43,46224,93
2020-04-27,787,"Thisted",1055,32,43660,73
2020-04-27,791,"Viborg",2344,87,97113,90
2020-04-27,810,"Brønderslev",1080,37,36370,102
2020-04-27,813,"Frederikshavn",1210,14,59987,23
2020-04-27,820,"Vesthimmerlands",1004,44,37121,119
2020-04-27,825,"Læsø",38,NA,1806,NA
2020-04-27,840,"Rebild",800,13,29916,43
2020-04-27,846,"Mariagerfjord",1071,30,42055,71
2020-04-27,849,"Jammerbugt",1005,21,38460,55
2020-04-27,851,"Aalborg",6076,139,215312,65
2020-04-27,860,"Hjørring",1728,23,64665,36
2020-04-28,101,"København",21220,1742,623404,279
2020-04-28,147,"Frederiksberg",3530,321,103960,309
2020-04-28,151,"Ballerup",1887,145,48458,299
2020-04-28,153,"Brøndby",1180,119,35397,336
2020-04-28,155,"Dragør",400,27,14270,189
2020-04-28,157,"Gentofte",2484,205,75176,273
2020-04-28,159,"Gladsaxe",2496,201,69681,288
2020-04-28,161,"Glostrup",965,111,22615,491
2020-04-28,163,"Herlev",1133,89,28786,309
2020-04-28,165,"Albertslund",1047,115,27877,413
2020-04-28,167,"Hvidovre",2107,224,53416,419
2020-04-28,169,"Høje-Taastrup",1460,129,50686,255
2020-04-28,173,"Lyngby-Taarbæk",1908,124,55790,222
2020-04-28,175,"Rødovre",1406,116,40052,290
2020-04-28,183,"Ishøj",710,89,22946,388
2020-04-28,185,"Tårnby",1312,76,42984,177
2020-04-28,187,"Vallensbæk",588,80,16654,480
2020-04-28,190,"Furesø",1442,61,41069,149
2020-04-28,201,"Allerød",758,25,25646,97
2020-04-28,210,"Fredensborg",1293,50,40819,122
2020-04-28,217,"Helsingør",2340,108,62567,173
2020-04-28,219,"Hillerød",1807,88,50998,173
2020-04-28,223,"Hørsholm",837,54,25007,216
2020-04-28,230,"Rudersdal",1835,122,56509,216
2020-04-28,240,"Egedal",1600,176,43335,406
2020-04-28,250,"Frederikssund",1478,79,45332,174
2020-04-28,253,"Greve",1081,78,50267,155
2020-04-28,259,"Køge",1371,108,60675,178
2020-04-28,260,"Halsnæs",941,33,31271,106
2020-04-28,265,"Roskilde",2017,135,87577,154
2020-04-28,269,"Solrød",489,40,23065,173
2020-04-28,270,"Gribskov",1389,62,41195,151
2020-04-28,306,"Odsherred",789,41,33122,124
2020-04-28,316,"Holbæk",1957,126,71297,177
2020-04-28,320,"Faxe",853,47,36513,129
2020-04-28,326,"Kalundborg",1032,57,48681,117
2020-04-28,329,"Ringsted",747,31,34725,89
2020-04-28,330,"Slagelse",2504,278,79073,352
2020-04-28,336,"Stevns",465,22,22782,97
2020-04-28,340,"Sorø",776,50,29834,168
2020-04-28,350,"Lejre",661,41,27775,148
2020-04-28,360,"Lolland",1099,70,41615,168
2020-04-28,370,"Næstved",3138,119,82991,143
2020-04-28,376,"Guldborgsund",1600,64,60930,105
2020-04-28,390,"Vordingborg",1150,38,45816,83
2020-04-28,400,"Bornholm",1314,61,39572,154
2020-04-28,410,"Middelfart",1147,41,38553,106
2020-04-28,411,"Christiansø",3,NA,90,NA
2020-04-28,420,"Assens",1056,19,41212,46
2020-04-28,430,"Faaborg-Midtfyn",1318,30,51809,58
2020-04-28,440,"Kerteminde",638,13,23773,55
2020-04-28,450,"Nyborg",879,33,32042,103
2020-04-28,461,"Odense",6355,162,204182,79
2020-04-28,479,"Svendborg",1973,80,58599,137
2020-04-28,480,"Nordfyns",816,14,29693,47
2020-04-28,482,"Langeland",342,NA,12560,NA
2020-04-28,492,"Ærø",134,NA,6058,NA
2020-04-28,510,"Haderslev",1101,NA,55857,NA
2020-04-28,530,"Billund",548,20,26629,75
2020-04-28,540,"Sønderborg",1554,15,74561,20
2020-04-28,550,"Tønder",682,12,37587,32
2020-04-28,561,"Esbjerg",3128,114,115652,99
2020-04-28,563,"Fanø",66,NA,3404,NA
2020-04-28,573,"Varde",1105,18,50129,36
2020-04-28,575,"Vejen",947,22,42863,51
2020-04-28,580,"Aabenraa",1580,41,59035,69
2020-04-28,607,"Fredericia",1412,38,51427,74
2020-04-28,615,"Horsens",2031,37,90370,41
2020-04-28,621,"Kolding",2699,102,92893,110
2020-04-28,630,"Vejle",2943,72,114830,63
2020-04-28,657,"Herning",2380,241,88917,271
2020-04-28,661,"Holstebro",2130,236,58504,403
2020-04-28,665,"Lemvig",376,22,19998,110
2020-04-28,671,"Struer",501,29,21143,137
2020-04-28,706,"Syddjurs",929,13,42768,30
2020-04-28,707,"Norddjurs",710,NA,37680,NA
2020-04-28,710,"Favrskov",1015,24,48374,50
2020-04-28,727,"Odder",494,NA,22675,NA
2020-04-28,730,"Randers",2039,27,97909,28
2020-04-28,740,"Silkeborg",2380,114,93054,123
2020-04-28,741,"Samsø",56,NA,3684,NA
2020-04-28,746,"Skanderborg",1514,50,61974,81
2020-04-28,751,"Aarhus",9178,321,345332,93
2020-04-28,756,"Ikast-Brande",915,47,41282,114
2020-04-28,760,"Ringkøbing-Skjern",1084,67,56930,118
2020-04-28,766,"Hedensted",945,13,46747,28
2020-04-28,773,"Morsø",602,17,20403,83
2020-04-28,779,"Skive",958,44,46224,95
2020-04-28,787,"Thisted",1102,32,43660,73
2020-04-28,791,"Viborg",2491,87,97113,90
2020-04-28,810,"Brønderslev",1328,40,36370,110
2020-04-28,813,"Frederikshavn",1301,14,59987,23
2020-04-28,820,"Vesthimmerlands",1060,45,37121,121
2020-04-28,825,"Læsø",38,NA,1806,NA
2020-04-28,840,"Rebild",871,13,29916,43
2020-04-28,846,"Mariagerfjord",1158,31,42055,74
2020-04-28,849,"Jammerbugt",1079,22,38460,57
2020-04-28,851,"Aalborg",6729,141,215312,65
2020-04-28,860,"Hjørring",1876,23,64665,36
2020-04-29,101,"København",22969,1786,623404,286
2020-04-29,147,"Frederiksberg",3791,327,103960,315
2020-04-29,151,"Ballerup",2032,147,48458,303
2020-04-29,153,"Brøndby",1269,120,35397,339
2020-04-29,155,"Dragør",442,27,14270,189
2020-04-29,157,"Gentofte",2639,206,75176,274
2020-04-29,159,"Gladsaxe",2679,204,69681,293
2020-04-29,161,"Glostrup",1032,117,22615,517
2020-04-29,163,"Herlev",1210,92,28786,320
2020-04-29,165,"Albertslund",1120,118,27877,423
2020-04-29,167,"Hvidovre",2242,229,53416,429
2020-04-29,169,"Høje-Taastrup",1565,133,50686,262
2020-04-29,173,"Lyngby-Taarbæk",2022,125,55790,224
2020-04-29,175,"Rødovre",1498,116,40052,290
2020-04-29,183,"Ishøj",767,96,22946,418
2020-04-29,185,"Tårnby",1420,79,42984,184
2020-04-29,187,"Vallensbæk",621,82,16654,492
2020-04-29,190,"Furesø",1532,61,41069,149
2020-04-29,201,"Allerød",809,24,25646,94
2020-04-29,210,"Fredensborg",1401,52,40819,127
2020-04-29,217,"Helsingør",2527,115,62567,184
2020-04-29,219,"Hillerød",2004,88,50998,173
2020-04-29,223,"Hørsholm",883,54,25007,216
2020-04-29,230,"Rudersdal",1963,124,56509,219
2020-04-29,240,"Egedal",1695,177,43335,408
2020-04-29,250,"Frederikssund",1576,79,45332,174
2020-04-29,253,"Greve",1157,80,50267,159
2020-04-29,259,"Køge",1466,109,60675,180
2020-04-29,260,"Halsnæs",1019,34,31271,109
2020-04-29,265,"Roskilde",2200,139,87577,159
2020-04-29,269,"Solrød",527,40,23065,173
2020-04-29,270,"Gribskov",1472,64,41195,155
2020-04-29,306,"Odsherred",830,43,33122,130
2020-04-29,316,"Holbæk",2055,127,71297,178
2020-04-29,320,"Faxe",933,48,36513,131
2020-04-29,326,"Kalundborg",1095,57,48681,117
2020-04-29,329,"Ringsted",801,32,34725,92
2020-04-29,330,"Slagelse",2701,282,79073,357
2020-04-29,336,"Stevns",509,23,22782,101
2020-04-29,340,"Sorø",823,51,29834,171
2020-04-29,350,"Lejre",700,41,27775,148
2020-04-29,360,"Lolland",1156,72,41615,173
2020-04-29,370,"Næstved",3820,121,82991,146
2020-04-29,376,"Guldborgsund",1680,64,60930,105
2020-04-29,390,"Vordingborg",1239,40,45816,87
2020-04-29,400,"Bornholm",1429,64,39572,162
2020-04-29,410,"Middelfart",1213,41,38553,106
2020-04-29,411,"Christiansø",3,NA,90,NA
2020-04-29,420,"Assens",1133,19,41212,46
2020-04-29,430,"Faaborg-Midtfyn",1432,30,51809,58
2020-04-29,440,"Kerteminde",691,13,23773,55
2020-04-29,450,"Nyborg",940,33,32042,103
2020-04-29,461,"Odense",6927,162,204182,79
2020-04-29,479,"Svendborg",2119,81,58599,138
2020-04-29,480,"Nordfyns",882,14,29693,47
2020-04-29,482,"Langeland",366,NA,12560,NA
2020-04-29,492,"Ærø",162,NA,6058,NA
2020-04-29,510,"Haderslev",1157,NA,55857,NA
2020-04-29,530,"Billund",575,20,26629,75
2020-04-29,540,"Sønderborg",1722,15,74561,20
2020-04-29,550,"Tønder",707,12,37587,32
2020-04-29,561,"Esbjerg",3304,115,115652,99
2020-04-29,563,"Fanø",69,NA,3404,NA
2020-04-29,573,"Varde",1162,18,50129,36
2020-04-29,575,"Vejen",991,22,42863,51
2020-04-29,580,"Aabenraa",1643,41,59035,69
2020-04-29,607,"Fredericia",1464,38,51427,74
2020-04-29,615,"Horsens",2193,37,90370,41
2020-04-29,621,"Kolding",2789,102,92893,110
2020-04-29,630,"Vejle",3075,72,114830,63
2020-04-29,657,"Herning",2583,244,88917,274
2020-04-29,661,"Holstebro",2310,241,58504,412
2020-04-29,665,"Lemvig",414,23,19998,115
2020-04-29,671,"Struer",558,30,21143,142
2020-04-29,706,"Syddjurs",1004,13,42768,30
2020-04-29,707,"Norddjurs",759,NA,37680,NA
2020-04-29,710,"Favrskov",1110,24,48374,50
2020-04-29,727,"Odder",535,NA,22675,NA
2020-04-29,730,"Randers",2227,27,97909,28
2020-04-29,740,"Silkeborg",2594,114,93054,123
2020-04-29,741,"Samsø",66,NA,3684,NA
2020-04-29,746,"Skanderborg",1646,50,61974,81
2020-04-29,751,"Aarhus",9911,325,345332,94
2020-04-29,756,"Ikast-Brande",1011,49,41282,119
2020-04-29,760,"Ringkøbing-Skjern",1171,69,56930,121
2020-04-29,766,"Hedensted",1024,13,46747,28
2020-04-29,773,"Morsø",661,17,20403,83
2020-04-29,779,"Skive",1058,46,46224,100
2020-04-29,787,"Thisted",1207,32,43660,73
2020-04-29,791,"Viborg",2764,87,97113,90
2020-04-29,810,"Brønderslev",1422,40,36370,110
2020-04-29,813,"Frederikshavn",1380,14,59987,23
2020-04-29,820,"Vesthimmerlands",1164,46,37121,124
2020-04-29,825,"Læsø",39,NA,1806,NA
2020-04-29,840,"Rebild",932,13,29916,43
2020-04-29,846,"Mariagerfjord",1268,31,42055,74
2020-04-29,849,"Jammerbugt",1168,22,38460,57
2020-04-29,851,"Aalborg",7419,142,215312,66
2020-04-29,860,"Hjørring",2038,23,64665,36
2020-04-30,101,"København",24756,1825,623404,293
2020-04-30,147,"Frederiksberg",4071,332,103960,319
2020-04-30,151,"Ballerup",2159,150,48458,310
2020-04-30,153,"Brøndby",1352,125,35397,353
2020-04-30,155,"Dragør",474,28,14270,196
2020-04-30,157,"Gentofte",2793,209,75176,278
2020-04-30,159,"Gladsaxe",2806,210,69681,301
2020-04-30,161,"Glostrup",1094,118,22615,522
2020-04-30,163,"Herlev",1269,93,28786,323
2020-04-30,165,"Albertslund",1184,120,27877,430
2020-04-30,167,"Hvidovre",2388,234,53416,438
2020-04-30,169,"Høje-Taastrup",1687,135,50686,266
2020-04-30,173,"Lyngby-Taarbæk",2117,126,55790,226
2020-04-30,175,"Rødovre",1600,119,40052,297
2020-04-30,183,"Ishøj",833,99,22946,431
2020-04-30,185,"Tårnby",1547,82,42984,191
2020-04-30,187,"Vallensbæk",675,83,16654,498
2020-04-30,190,"Furesø",1606,61,41069,149
2020-04-30,201,"Allerød",853,25,25646,97
2020-04-30,210,"Fredensborg",1482,53,40819,130
2020-04-30,217,"Helsingør",2693,117,62567,187
2020-04-30,219,"Hillerød",2175,90,50998,176
2020-04-30,223,"Hørsholm",919,54,25007,216
2020-04-30,230,"Rudersdal",2056,127,56509,225
2020-04-30,240,"Egedal",1793,181,43335,418
2020-04-30,250,"Frederikssund",1668,80,45332,176
2020-04-30,253,"Greve",1225,81,50267,161
2020-04-30,259,"Køge",1568,109,60675,180
2020-04-30,260,"Halsnæs",1080,34,31271,109
2020-04-30,265,"Roskilde",2427,140,87577,160
2020-04-30,269,"Solrød",565,41,23065,178
2020-04-30,270,"Gribskov",1543,64,41195,155
2020-04-30,306,"Odsherred",881,43,33122,130
2020-04-30,316,"Holbæk",2199,128,71297,180
2020-04-30,320,"Faxe",991,49,36513,134
2020-04-30,326,"Kalundborg",1182,58,48681,119
2020-04-30,329,"Ringsted",849,32,34725,92
2020-04-30,330,"Slagelse",2915,287,79073,363
2020-04-30,336,"Stevns",540,23,22782,101
2020-04-30,340,"Sorø",880,51,29834,171
2020-04-30,350,"Lejre",741,42,27775,151
2020-04-30,360,"Lolland",1222,75,41615,180
2020-04-30,370,"Næstved",4194,126,82991,152
2020-04-30,376,"Guldborgsund",1785,65,60930,107
2020-04-30,390,"Vordingborg",1327,44,45816,96
2020-04-30,400,"Bornholm",1547,66,39572,167
2020-04-30,410,"Middelfart",1273,41,38553,106
2020-04-30,411,"Christiansø",3,NA,90,NA
2020-04-30,420,"Assens",1230,19,41212,46
2020-04-30,430,"Faaborg-Midtfyn",1558,31,51809,60
2020-04-30,440,"Kerteminde",754,13,23773,55
2020-04-30,450,"Nyborg",1022,33,32042,103
2020-04-30,461,"Odense",7540,162,204182,79
2020-04-30,479,"Svendborg",2244,82,58599,140
2020-04-30,480,"Nordfyns",949,14,29693,47
2020-04-30,482,"Langeland",384,NA,12560,NA
2020-04-30,492,"Ærø",166,NA,6058,NA
2020-04-30,510,"Haderslev",1249,NA,55857,NA
2020-04-30,530,"Billund",618,21,26629,79
2020-04-30,540,"Sønderborg",1824,15,74561,20
2020-04-30,550,"Tønder",761,13,37587,35
2020-04-30,561,"Esbjerg",3562,116,115652,100
2020-04-30,563,"Fanø",76,NA,3404,NA
2020-04-30,573,"Varde",1231,18,50129,36
2020-04-30,575,"Vejen",1068,22,42863,51
2020-04-30,580,"Aabenraa",1779,43,59035,73
2020-04-30,607,"Fredericia",1543,38,51427,74
2020-04-30,615,"Horsens",2294,37,90370,41
2020-04-30,621,"Kolding",2886,102,92893,110
2020-04-30,630,"Vejle",3219,72,114830,63
2020-04-30,657,"Herning",2981,247,88917,278
2020-04-30,661,"Holstebro",2457,246,58504,420
2020-04-30,665,"Lemvig",435,23,19998,115
2020-04-30,671,"Struer",607,31,21143,147
2020-04-30,706,"Syddjurs",1076,13,42768,30
2020-04-30,707,"Norddjurs",822,NA,37680,NA
2020-04-30,710,"Favrskov",1200,24,48374,50
2020-04-30,727,"Odder",560,NA,22675,NA
2020-04-30,730,"Randers",2406,28,97909,29
2020-04-30,740,"Silkeborg",2770,114,93054,123
2020-04-30,741,"Samsø",70,NA,3684,NA
2020-04-30,746,"Skanderborg",1753,52,61974,84
2020-04-30,751,"Aarhus",10483,327,345332,95
2020-04-30,756,"Ikast-Brande",1119,51,41282,124
2020-04-30,760,"Ringkøbing-Skjern",1283,69,56930,121
2020-04-30,766,"Hedensted",1074,13,46747,28
2020-04-30,773,"Morsø",725,17,20403,83
2020-04-30,779,"Skive",1153,47,46224,102
2020-04-30,787,"Thisted",1357,32,43660,73
2020-04-30,791,"Viborg",3089,88,97113,91
2020-04-30,810,"Brønderslev",1509,40,36370,110
2020-04-30,813,"Frederikshavn",1450,15,59987,25
2020-04-30,820,"Vesthimmerlands",1232,46,37121,124
2020-04-30,825,"Læsø",41,NA,1806,NA
2020-04-30,840,"Rebild",999,13,29916,43
2020-04-30,846,"Mariagerfjord",1370,31,42055,74
2020-04-30,849,"Jammerbugt",1262,22,38460,57
2020-04-30,851,"Aalborg",8113,141,215312,65
2020-04-30,860,"Hjørring",2218,23,64665,36
2020-05-01,101,"København",26334,1867,623404,299
2020-05-01,147,"Frederiksberg",4299,338,103960,325
2020-05-01,151,"Ballerup",2305,151,48458,312
2020-05-01,153,"Brøndby",1445,130,35397,367
2020-05-01,155,"Dragør",509,28,14270,196
2020-05-01,157,"Gentofte",2930,210,75176,279
2020-05-01,159,"Gladsaxe",3011,219,69681,314
2020-05-01,161,"Glostrup",1194,121,22615,535
2020-05-01,163,"Herlev",1332,95,28786,330
2020-05-01,165,"Albertslund",1282,125,27877,448
2020-05-01,167,"Hvidovre",2668,239,53416,447
2020-05-01,169,"Høje-Taastrup",1807,138,50686,272
2020-05-01,173,"Lyngby-Taarbæk",2252,129,55790,231
2020-05-01,175,"Rødovre",1696,120,40052,300
2020-05-01,183,"Ishøj",902,101,22946,440
2020-05-01,185,"Tårnby",1683,84,42984,195
2020-05-01,187,"Vallensbæk",727,84,16654,504
2020-05-01,190,"Furesø",1685,61,41069,149
2020-05-01,201,"Allerød",892,26,25646,101
2020-05-01,210,"Fredensborg",1569,55,40819,135
2020-05-01,217,"Helsingør",2842,120,62567,192
2020-05-01,219,"Hillerød",2278,91,50998,178
2020-05-01,223,"Hørsholm",971,55,25007,220
2020-05-01,230,"Rudersdal",2163,128,56509,227
2020-05-01,240,"Egedal",1902,182,43335,420
2020-05-01,250,"Frederikssund",1811,81,45332,179
2020-05-01,253,"Greve",1326,82,50267,163
2020-05-01,259,"Køge",1737,110,60675,181
2020-05-01,260,"Halsnæs",1142,34,31271,109
2020-05-01,265,"Roskilde",2669,143,87577,163
2020-05-01,269,"Solrød",619,43,23065,186
2020-05-01,270,"Gribskov",1616,64,41195,155
2020-05-01,306,"Odsherred",947,43,33122,130
2020-05-01,316,"Holbæk",2338,131,71297,184
2020-05-01,320,"Faxe",1085,49,36513,134
2020-05-01,326,"Kalundborg",1305,58,48681,119
2020-05-01,329,"Ringsted",936,35,34725,101
2020-05-01,330,"Slagelse",3243,296,79073,374
2020-05-01,336,"Stevns",586,23,22782,101
2020-05-01,340,"Sorø",974,52,29834,174
2020-05-01,350,"Lejre",797,42,27775,151
2020-05-01,360,"Lolland",1278,78,41615,187
2020-05-01,370,"Næstved",4579,130,82991,157
2020-05-01,376,"Guldborgsund",1880,66,60930,108
2020-05-01,390,"Vordingborg",1429,44,45816,96
2020-05-01,400,"Bornholm",1618,66,39572,167
2020-05-01,410,"Middelfart",1339,41,38553,106
2020-05-01,411,"Christiansø",3,NA,90,NA
2020-05-01,420,"Assens",1320,19,41212,46
2020-05-01,430,"Faaborg-Midtfyn",1680,31,51809,60
2020-05-01,440,"Kerteminde",808,13,23773,55
2020-05-01,450,"Nyborg",1089,34,32042,106
2020-05-01,461,"Odense",8086,162,204182,79
2020-05-01,479,"Svendborg",2374,82,58599,140
2020-05-01,480,"Nordfyns",1006,14,29693,47
2020-05-01,482,"Langeland",414,NA,12560,NA
2020-05-01,492,"Ærø",174,NA,6058,NA
2020-05-01,510,"Haderslev",1320,NA,55857,NA
2020-05-01,530,"Billund",663,21,26629,79
2020-05-01,540,"Sønderborg",1960,15,74561,20
2020-05-01,550,"Tønder",800,13,37587,35
2020-05-01,561,"Esbjerg",3866,116,115652,100
2020-05-01,563,"Fanø",79,NA,3404,NA
2020-05-01,573,"Varde",1321,18,50129,36
2020-05-01,575,"Vejen",1121,22,42863,51
2020-05-01,580,"Aabenraa",1863,46,59035,78
2020-05-01,607,"Fredericia",1649,38,51427,74
2020-05-01,615,"Horsens",2431,37,90370,41
2020-05-01,621,"Kolding",3114,102,92893,110
2020-05-01,630,"Vejle",3408,72,114830,63
2020-05-01,657,"Herning",3166,248,88917,279
2020-05-01,661,"Holstebro",2570,249,58504,426
2020-05-01,665,"Lemvig",464,23,19998,115
2020-05-01,671,"Struer",640,31,21143,147
2020-05-01,706,"Syddjurs",1128,13,42768,30
2020-05-01,707,"Norddjurs",873,NA,37680,NA
2020-05-01,710,"Favrskov",1254,24,48374,50
2020-05-01,727,"Odder",597,NA,22675,NA
2020-05-01,730,"Randers",2562,28,97909,29
2020-05-01,740,"Silkeborg",2958,114,93054,123
2020-05-01,741,"Samsø",75,NA,3684,NA
2020-05-01,746,"Skanderborg",1853,52,61974,84
2020-05-01,751,"Aarhus",10951,330,345332,96
2020-05-01,756,"Ikast-Brande",1173,51,41282,124
2020-05-01,760,"Ringkøbing-Skjern",1394,72,56930,126
2020-05-01,766,"Hedensted",1136,13,46747,28
2020-05-01,773,"Morsø",780,17,20403,83
2020-05-01,779,"Skive",1260,47,46224,102
2020-05-01,787,"Thisted",1566,32,43660,73
2020-05-01,791,"Viborg",3413,88,97113,91
2020-05-01,810,"Brønderslev",1608,40,36370,110
2020-05-01,813,"Frederikshavn",1559,15,59987,25
2020-05-01,820,"Vesthimmerlands",1327,47,37121,127
2020-05-01,825,"Læsø",42,NA,1806,NA
2020-05-01,840,"Rebild",1055,13,29916,43
2020-05-01,846,"Mariagerfjord",1467,31,42055,74
2020-05-01,849,"Jammerbugt",1362,24,38460,62
2020-05-01,851,"Aalborg",8790,143,215312,66
2020-05-01,860,"Hjørring",2436,23,64665,36
2020-05-04,101,"København",31284,1929,623404,309
2020-05-04,147,"Frederiksberg",5041,352,103960,339
2020-05-04,151,"Ballerup",2723,158,48458,326
2020-05-04,153,"Brøndby",1705,136,35397,384
2020-05-04,155,"Dragør",614,28,14270,196
2020-05-04,157,"Gentofte",3310,215,75176,286
2020-05-04,159,"Gladsaxe",3434,233,69681,334
2020-05-04,161,"Glostrup",1353,129,22615,570
2020-05-04,163,"Herlev",1574,104,28786,361
2020-05-04,165,"Albertslund",1502,130,27877,466
2020-05-04,167,"Hvidovre",3241,253,53416,474
2020-05-04,169,"Høje-Taastrup",2101,140,50686,276
2020-05-04,173,"Lyngby-Taarbæk",2544,135,55790,242
2020-05-04,175,"Rødovre",1957,124,40052,310
2020-05-04,183,"Ishøj",1059,109,22946,475
2020-05-04,185,"Tårnby",2007,87,42984,202
2020-05-04,187,"Vallensbæk",843,89,16654,534
2020-05-04,190,"Furesø",1908,66,41069,161
2020-05-04,201,"Allerød",1018,26,25646,101
2020-05-04,210,"Fredensborg",1808,59,40819,145
2020-05-04,217,"Helsingør",3171,131,62567,209
2020-05-04,219,"Hillerød",2751,92,50998,180
2020-05-04,223,"Hørsholm",1099,57,25007,228
2020-05-04,230,"Rudersdal",2409,132,56509,234
2020-05-04,240,"Egedal",2210,188,43335,434
2020-05-04,250,"Frederikssund",2113,85,45332,188
2020-05-04,253,"Greve",1640,85,50267,169
2020-05-04,259,"Køge",2088,110,60675,181
2020-05-04,260,"Halsnæs",1318,34,31271,109
2020-05-04,265,"Roskilde",3437,150,87577,171
2020-05-04,269,"Solrød",768,44,23065,191
2020-05-04,270,"Gribskov",1823,66,41195,160
2020-05-04,306,"Odsherred",1178,45,33122,136
2020-05-04,316,"Holbæk",2879,133,71297,187
2020-05-04,320,"Faxe",1278,51,36513,140
2020-05-04,326,"Kalundborg",1558,64,48681,131
2020-05-04,329,"Ringsted",1116,37,34725,107
2020-05-04,330,"Slagelse",3874,306,79073,387
2020-05-04,336,"Stevns",690,23,22782,101
2020-05-04,340,"Sorø",1145,54,29834,181
2020-05-04,350,"Lejre",1004,43,27775,155
2020-05-04,360,"Lolland",1514,80,41615,192
2020-05-04,370,"Næstved",5206,137,82991,165
2020-05-04,376,"Guldborgsund",2426,66,60930,108
2020-05-04,390,"Vordingborg",1720,48,45816,105
2020-05-04,400,"Bornholm",1861,69,39572,174
2020-05-04,410,"Middelfart",1479,41,38553,106
2020-05-04,411,"Christiansø",3,NA,90,NA
2020-05-04,420,"Assens",1523,19,41212,46
2020-05-04,430,"Faaborg-Midtfyn",1952,30,51809,58
2020-05-04,440,"Kerteminde",903,13,23773,55
2020-05-04,450,"Nyborg",1280,35,32042,109
2020-05-04,461,"Odense",9359,173,204182,85
2020-05-04,479,"Svendborg",2743,81,58599,138
2020-05-04,480,"Nordfyns",1135,14,29693,47
2020-05-04,482,"Langeland",471,NA,12560,NA
2020-05-04,492,"Ærø",216,NA,6058,NA
2020-05-04,510,"Haderslev",1563,NA,55857,NA
2020-05-04,530,"Billund",799,21,26629,79
2020-05-04,540,"Sønderborg",2332,16,74561,21
2020-05-04,550,"Tønder",964,12,37587,32
2020-05-04,561,"Esbjerg",4735,117,115652,101
2020-05-04,563,"Fanø",95,NA,3404,NA
2020-05-04,573,"Varde",1593,18,50129,36
2020-05-04,575,"Vejen",1275,22,42863,51
2020-05-04,580,"Aabenraa",2198,45,59035,76
2020-05-04,607,"Fredericia",1868,38,51427,74
2020-05-04,615,"Horsens",2911,38,90370,42
2020-05-04,621,"Kolding",3603,104,92893,112
2020-05-04,630,"Vejle",3812,73,114830,64
2020-05-04,657,"Herning",4084,255,88917,287
2020-05-04,661,"Holstebro",2996,256,58504,438
2020-05-04,665,"Lemvig",564,24,19998,120
2020-05-04,671,"Struer",821,32,21143,151
2020-05-04,706,"Syddjurs",1330,13,42768,30
2020-05-04,707,"Norddjurs",1031,NA,37680,NA
2020-05-04,710,"Favrskov",1506,26,48374,54
2020-05-04,727,"Odder",718,NA,22675,NA
2020-05-04,730,"Randers",2977,28,97909,29
2020-05-04,740,"Silkeborg",3663,116,93054,125
2020-05-04,741,"Samsø",90,NA,3684,NA
2020-05-04,746,"Skanderborg",2220,53,61974,86
2020-05-04,751,"Aarhus",13154,353,345332,102
2020-05-04,756,"Ikast-Brande",1492,54,41282,131
2020-05-04,760,"Ringkøbing-Skjern",1791,77,56930,135
2020-05-04,766,"Hedensted",1360,14,46747,30
2020-05-04,773,"Morsø",881,17,20403,83
2020-05-04,779,"Skive",1587,50,46224,108
2020-05-04,787,"Thisted",1895,32,43660,73
2020-05-04,791,"Viborg",4466,91,97113,94
2020-05-04,810,"Brønderslev",1920,45,36370,124
2020-05-04,813,"Frederikshavn",1853,15,59987,25
2020-05-04,820,"Vesthimmerlands",1519,50,37121,135
2020-05-04,825,"Læsø",53,NA,1806,NA
2020-05-04,840,"Rebild",1226,13,29916,43
2020-05-04,846,"Mariagerfjord",1722,32,42055,76
2020-05-04,849,"Jammerbugt",1566,26,38460,68
2020-05-04,851,"Aalborg",10328,150,215312,70
2020-05-04,860,"Hjørring",3045,23,64665,36
2020-05-05,101,"København",32790,1963,623404,315
2020-05-05,147,"Frederiksberg",5285,361,103960,347
2020-05-05,151,"Ballerup",2861,160,48458,330
2020-05-05,153,"Brøndby",1769,138,35397,390
2020-05-05,155,"Dragør",649,29,14270,203
2020-05-05,157,"Gentofte",3593,219,75176,291
2020-05-05,159,"Gladsaxe",3643,237,69681,340
2020-05-05,161,"Glostrup",1403,129,22615,570
2020-05-05,163,"Herlev",1680,106,28786,368
2020-05-05,165,"Albertslund",1564,132,27877,474
2020-05-05,167,"Hvidovre",3359,253,53416,474
2020-05-05,169,"Høje-Taastrup",2234,146,50686,288
2020-05-05,173,"Lyngby-Taarbæk",2695,136,55790,244
2020-05-05,175,"Rødovre",2058,125,40052,312
2020-05-05,183,"Ishøj",1112,113,22946,492
2020-05-05,185,"Tårnby",2096,87,42984,202
2020-05-05,187,"Vallensbæk",878,89,16654,534
2020-05-05,190,"Furesø",2031,67,41069,163
2020-05-05,201,"Allerød",1101,26,25646,101
2020-05-05,210,"Fredensborg",1978,63,40819,154
2020-05-05,217,"Helsingør",3457,141,62567,225
2020-05-05,219,"Hillerød",2942,94,50998,184
2020-05-05,223,"Hørsholm",1187,57,25007,228
2020-05-05,230,"Rudersdal",2586,135,56509,239
2020-05-05,240,"Egedal",2326,189,43335,436
2020-05-05,250,"Frederikssund",2279,87,45332,192
2020-05-05,253,"Greve",1748,86,50267,171
2020-05-05,259,"Køge",2270,110,60675,181
2020-05-05,260,"Halsnæs",1427,36,31271,115
2020-05-05,265,"Roskilde",3753,155,87577,177
2020-05-05,269,"Solrød",825,44,23065,191
2020-05-05,270,"Gribskov",1963,67,41195,163
2020-05-05,306,"Odsherred",1279,49,33122,148
2020-05-05,316,"Holbæk",3067,136,71297,191
2020-05-05,320,"Faxe",1383,52,36513,142
2020-05-05,326,"Kalundborg",1690,66,48681,136
2020-05-05,329,"Ringsted",1254,38,34725,109
2020-05-05,330,"Slagelse",4379,315,79073,398
2020-05-05,336,"Stevns",743,23,22782,101
2020-05-05,340,"Sorø",1255,56,29834,188
2020-05-05,350,"Lejre",1071,44,27775,158
2020-05-05,360,"Lolland",1635,83,41615,199
2020-05-05,370,"Næstved",5523,142,82991,171
2020-05-05,376,"Guldborgsund",2665,70,60930,115
2020-05-05,390,"Vordingborg",1839,51,45816,111
2020-05-05,400,"Bornholm",2009,69,39572,174
2020-05-05,410,"Middelfart",1611,42,38553,109
2020-05-05,411,"Christiansø",3,NA,90,NA
2020-05-05,420,"Assens",1574,19,41212,46
2020-05-05,430,"Faaborg-Midtfyn",2011,30,51809,58
2020-05-05,440,"Kerteminde",939,13,23773,55
2020-05-05,450,"Nyborg",1319,35,32042,109
2020-05-05,461,"Odense",9690,173,204182,85
2020-05-05,479,"Svendborg",2803,80,58599,137
2020-05-05,480,"Nordfyns",1166,15,29693,51
2020-05-05,482,"Langeland",487,NA,12560,NA
2020-05-05,492,"Ærø",228,NA,6058,NA
2020-05-05,510,"Haderslev",1643,NA,55857,NA
2020-05-05,530,"Billund",861,21,26629,79
2020-05-05,540,"Sønderborg",2414,16,74561,21
2020-05-05,550,"Tønder",992,12,37587,32
2020-05-05,561,"Esbjerg",4900,117,115652,101
2020-05-05,563,"Fanø",100,NA,3404,NA
2020-05-05,573,"Varde",1653,19,50129,38
2020-05-05,575,"Vejen",1422,22,42863,51
2020-05-05,580,"Aabenraa",2258,45,59035,76
2020-05-05,607,"Fredericia",2084,38,51427,74
2020-05-05,615,"Horsens",3009,38,90370,42
2020-05-05,621,"Kolding",4113,104,92893,112
2020-05-05,630,"Vejle",4270,74,114830,64
2020-05-05,657,"Herning",4296,256,88917,288
2020-05-05,661,"Holstebro",3066,257,58504,439
2020-05-05,665,"Lemvig",583,24,19998,120
2020-05-05,671,"Struer",847,32,21143,151
2020-05-05,706,"Syddjurs",1352,13,42768,30
2020-05-05,707,"Norddjurs",1049,NA,37680,NA
2020-05-05,710,"Favrskov",1553,26,48374,54
2020-05-05,727,"Odder",743,NA,22675,NA
2020-05-05,730,"Randers",3061,28,97909,29
2020-05-05,740,"Silkeborg",3866,116,93054,125
2020-05-05,741,"Samsø",92,NA,3684,NA
2020-05-05,746,"Skanderborg",2297,53,61974,86
2020-05-05,751,"Aarhus",13501,353,345332,102
2020-05-05,756,"Ikast-Brande",1549,56,41282,136
2020-05-05,760,"Ringkøbing-Skjern",1874,78,56930,137
2020-05-05,766,"Hedensted",1417,14,46747,30
2020-05-05,773,"Morsø",894,17,20403,83
2020-05-05,779,"Skive",1644,50,46224,108
2020-05-05,787,"Thisted",1914,32,43660,73
2020-05-05,791,"Viborg",4718,92,97113,95
2020-05-05,810,"Brønderslev",1935,45,36370,124
2020-05-05,813,"Frederikshavn",1891,15,59987,25
2020-05-05,820,"Vesthimmerlands",1539,50,37121,135
2020-05-05,825,"Læsø",53,NA,1806,NA
2020-05-05,840,"Rebild",1240,13,29916,43
2020-05-05,846,"Mariagerfjord",1749,32,42055,76
2020-05-05,849,"Jammerbugt",1592,26,38460,68
2020-05-05,851,"Aalborg",10507,150,215312,70
2020-05-05,860,"Hjørring",3175,23,64665,36
